sexe,Non,Oui
Autre,66.66666666666666,33.33333333333333
Femme,72.72727272727273,27.27272727272727
Homme,66.17647058823529,33.82352941176471
