,activité_physique,temps_devant_ecran,niveau_anxiete,niveau_depression
count,300.0,300.0,300.0,300.0
mean,3.1663333333333337,6.234333333333333,10.296666666666667,10.366666666666667
std,1.5926566084576324,2.196132482758797,6.350571213522104,6.143671912691264
min,0.0,0.8,0.0,0.0
25%,2.075,4.7,5.0,5.0
50%,3.2,6.0,10.0,10.0
75%,4.3,7.7,16.0,16.0
max,7.5,12.3,20.0,20.0
