,activité_physique,temps_devant_ecran,niveau_anxiete,niveau_depression						
activité_physique,1.0,0.04778771702728171,-0.04662558345779011,-0.020336269251144335						
temps_devant_ecran,0.04778771702728171,1.0,0.01703675699709295,0.0016170067461238043						
niveau_anxiete,-0.04662558345779011,0.01703675699709295,1.0,0.011260902185944667						
niveau_depression,-0.020336269251144335,0.0016170067461238043,0.011260902185944667,1.0						
